<PAMDataset>
  <PAMRasterBand band="1">
    <Histograms>
      <HistItem>
        <HistMin>0.5019607843137255</HistMin>
        <HistMax>255.4980392156863</HistMax>
        <BucketCount>255</BucketCount>
        <IncludeOutOfRange>0</IncludeOutOfRange>
        <Approximate>0</Approximate>
        <HistCounts>39|139|624|79|34|8|14|13|10|9|11|9|4|6|12|8|5|4|11|7|4|10|5|2|8|6|8|11|7|6|8|3|6|2|2|4|1|5|2|4|6|7|4|2|8|3|6|4|2|7|5|4|6|4|3|8|4|3|5|3|2|6|7|2|5|3|3|4|3|2|2|5|4|1|6|4|6|3|5|9|5|5|7|9|6|3|3|1|10|4|9|2|1|2|5|5|5|5|5|3|4|5|2|0|3|5|6|6|6|3|6|5|5|6|2|2|5|4|5|3|9|2|4|2|4|3|3|11|4|2|5|2|1|3|6|4|7|5|3|3|4|4|24|7|5|8|3|7|3|8|8|3|2|3|6|4|7|4|6|5|3|6|3|5|9|4|2|3|3|4|6|2|5|7|1|6|4|6|3|7|7|9|5|2|8|6|8|4|5|5|6|4|9|15|9|7|13|3|9|5|6|8|15|6|13|12|12|12|13|6|3|11|8|9|16|12|10|13|17|9|10|7|12|18|18|19|14|31|155|36|25|12|21|20|21|13|11|13|19|13|19|13|22|9|21|17|15|24|23|27|32|40|122|1138|456394</HistCounts>
      </HistItem>
    </Histograms>
    <Metadata>
      <MDI key="STATISTICS_MAXIMUM">255</MDI>
      <MDI key="STATISTICS_MEAN">254.10491346235</MDI>
      <MDI key="STATISTICS_MINIMUM">1</MDI>
      <MDI key="STATISTICS_STDDEV">13.70172264576</MDI>
      <MDI key="STATISTICS_VALID_PERCENT">99.39</MDI>
    </Metadata>
  </PAMRasterBand>
  <PAMRasterBand band="2">
    <Metadata>
      <MDI key="STATISTICS_MAXIMUM">255</MDI>
      <MDI key="STATISTICS_MEAN">253.52401239684</MDI>
      <MDI key="STATISTICS_MINIMUM">1</MDI>
      <MDI key="STATISTICS_STDDEV">13.525050747928</MDI>
      <MDI key="STATISTICS_VALID_PERCENT">99.999</MDI>
    </Metadata>
  </PAMRasterBand>
  <PAMRasterBand band="3">
    <Metadata>
      <MDI key="STATISTICS_MAXIMUM">255</MDI>
      <MDI key="STATISTICS_MEAN">253.96691098295</MDI>
      <MDI key="STATISTICS_MINIMUM">1</MDI>
      <MDI key="STATISTICS_STDDEV">11.303281022165</MDI>
      <MDI key="STATISTICS_VALID_PERCENT">99.46</MDI>
    </Metadata>
  </PAMRasterBand>
</PAMDataset>
